x,u
0.0,0.0
0.0015625,0.0006310161820282477
0.003125,0.0012595894330680827
0.004687500000000001,0.001885718261540641
0.00625,0.002509401210539001
0.0078125,0.00313063685784876
0.009375000000000001,0.003749423815966924
0.010937500000000001,0.004365760732119086
0.0125,0.0049796462882749195
0.0140625,0.005591079201161969
0.015625,0.006200058222277736
0.0171875,0.0068065821379000736
0.018750000000000003,0.007410649769095876
0.0203125,0.008012259971728079
0.021875000000000002,0.008611411636460954
0.0234375,0.009208103688763701
0.025,0.009802335088912364
0.026562500000000003,0.010394104831990022
0.028125,0.010983411947885312
0.029687500000000002,0.011570255501289237
0.03125,0.012154634591690309
0.0328125,0.01273654835336797
0.034375,0.013315995955384347
0.035937500000000004,0.01389297660157432
0.037500000000000006,0.014467489530533876
0.0390625,0.015039534015606836
0.040625,0.015609109364869858
0.0421875,0.016176214921115768
0.043750000000000004,0.016740850061835233
0.045312500000000006,0.017303014199196772
0.046875,0.017862706780025044
0.0484375,0.018419927285777557
0.05,0.01897467523251963
0.051562500000000004,0.019526950170897752
0.053125000000000006,0.02007675168611129
0.0546875,0.0206240793978825
0.05625,0.02116893296042496
0.0578125,0.021711312062410268
0.059375000000000004,0.022251216426933222
0.060937500000000006,0.02278864581147528
0.0625,0.023323600007866395
0.06406250000000001,0.02385607884224531
0.065625,0.02438608217501812
0.0671875,0.024913609900815314
0.06875,0.025438661948447155
0.0703125,0.025961238280857498
0.07187500000000001,0.026481338895076
0.0734375,0.0269989638221687
0.07500000000000001,0.027514113127187104
0.0765625,0.028026786909115593
0.078125,0.02853698530081733
0.07968750000000001,0.02904470846897859
0.08125,0.029549956614051503
0.08281250000000001,0.03005272997019528
0.084375,0.030553028805215866
0.0859375,0.031050853420504083
0.08750000000000001,0.03154620415097222
0.0890625,0.03203908136498912
0.09062500000000001,0.03252948546431373
0.0921875,0.033017416884027165
0.09375,0.03350287609246329
0.09531250000000001,0.03398586359113773
0.096875,0.03446637991467548
0.09843750000000001,0.034944425630737005
0.1,0.035420001339942886
0.1015625,0.03589310767579697
0.10312500000000001,0.036363745304608126
0.1046875,0.03683191492541054
0.10625000000000001,0.037297617269882496
0.1078125,0.037760853102263896
0.109375,0.038221623219272194
0.11093750000000001,0.03867992845001705
0.1125,0.03913576965591351
0.11406250000000001,0.039589147730593875
0.115625,0.040040063599818064
0.1171875,0.04048851822138276
0.11875000000000001,0.04093451258502908
0.1203125,0.041378047712348986
0.12187500000000001,0.041819124656690264
0.1234375,0.0422577445030603
0.125,0.04269390836802837
0.1265625,0.04312761739962675
0.12812500000000002,0.04355887277725047
0.1296875,0.04398767571155586
0.13125,0.0444140274443577
0.1328125,0.04483792924852519
0.134375,0.045259382427876624
0.13593750000000002,0.0456783883170728
0.1375,0.04609494828150929
0.1390625,0.04650906371720742
0.140625,0.04692073605070398
0.1421875,0.04732996673893985
0.14375000000000002,0.04773675726914737
0.1453125,0.04814110915873649
0.146875,0.04854302395517992
0.1484375,0.048942503235896884
0.15000000000000002,0.04933954860813598
0.15156250000000002,0.049734161708856695
0.153125,0.05012634420460994
0.1546875,0.05051609779141737
0.15625,0.05090342419464972
0.15781250000000002,0.051288325168904025
0.15937500000000002,0.05167080249787966
0.1609375,0.052050857994253456
0.1625,0.05242849349955374
0.1640625,0.05280371088403324
0.16562500000000002,0.053176512046541106
0.16718750000000002,0.05354689891439379
0.16875,0.053914873443245095
0.1703125,0.054280437616955
0.171875,0.05464359344745775
0.17343750000000002,0.05500434297462882
0.17500000000000002,0.05536268826615098
0.1765625,0.05571863141737952
0.178125,0.05607217455120633
0.1796875,0.05642331981792331
0.18125000000000002,0.05677206939508472
0.18281250000000002,0.05711842548736871
0.184375,0.05746239032643792
0.1859375,0.05780396617079936
0.1875,0.05814315530566323
0.18906250000000002,0.05847996004280112
0.19062500000000002,0.05881438272040325
0.1921875,0.05914642570293494
0.19375,0.059476091380992274
0.1953125,0.05980338217115703
0.19687500000000002,0.06012830051585077
0.19843750000000002,0.060450848883188246
0.2,0.06077102976683
0.2015625,0.06108884568583431
0.203125,0.06140429918450827
0.20468750000000002,0.06171739283225836
0.20625000000000002,0.06202812922344016
0.2078125,0.062336510977207535
0.209375,0.06264254073736103
0.2109375,0.06294622117219566
0.21250000000000002,0.06324755497434806
0.21406250000000002,0.06354654486064304
0.215625,0.06384319357193952
0.2171875,0.06413750387297577
0.21875,0.06442947855221423
0.22031250000000002,0.06471912042168562
0.22187500000000002,0.06500643231683256
0.2234375,0.06529141709635264
0.225,0.06557407764204091
0.2265625,0.06585441685863187
0.22812500000000002,0.06613243767364106
0.22968750000000002,0.06640814303720598
0.23125,0.06668153592192662
0.2328125,0.0669526193227055
0.234375,0.06722139625658739
0.23593750000000002,0.06748786976259834
0.23750000000000002,0.06775204290158443
0.2390625,0.06801391875605013
0.240625,0.06827350042999625
0.2421875,0.06853079104875735
0.24375000000000002,0.06878579375883898
0.24531250000000002,0.06903851172775437
0.246875,0.069288948143861
0.2484375,0.06953710621619658
0.25,0.06978298917431489
0.2515625,0.07002660026812119
0.253125,0.07026794276770737
0.2546875,0.0705070199631869
0.25625000000000003,0.0707438351645293
0.2578125,0.07097839170139458
0.259375,0.07121069292296732
0.2609375,0.0714407421977904
0.2625,0.07166854291359873
0.26406250000000003,0.07189409847715265
0.265625,0.07211741231407107
0.2671875,0.07233848786866456
0.26875,0.07255732860376818
0.2703125,0.07277393800057412
0.27187500000000003,0.07298831955846428
0.2734375,0.07320047679484269
0.275,0.07341041324496766
0.2765625,0.073618132461784
0.278125,0.07382363801575505
0.27968750000000003,0.0740269334946947
0.28125,0.07422802250359915
0.2828125,0.0744269086644788
0.284375,0.07462359561618993
0.2859375,0.0748180870142665
0.28750000000000003,0.07501038653075173
0.2890625,0.07520049785402981
0.290625,0.07538842468865753
0.2921875,0.07557417075519585
0.29375,0.07575773979004166
0.29531250000000003,0.0759391355452594
0.296875,0.07611836178841275
0.2984375,0.07629542230239644
0.30000000000000004,0.07647032088526806
0.3015625,0.07664306135007984
0.30312500000000003,0.07681364752471073
0.3046875,0.07698208325169842
0.30625,0.07714837238807146
0.30781250000000004,0.07731251880518156
0.309375,0.07747452638853589
0.31093750000000003,0.07763439903762963
0.3125,0.07779214066577873
0.3140625,0.07794775519995253
0.31562500000000004,0.07810124658060685
0.3171875,0.07825261876151701
0.31875000000000003,0.07840187570961135
0.3203125,0.07854902140480458
0.321875,0.07869405983983152
0.32343750000000004,0.07883699502008108
0.325,0.07897783096343039
0.32656250000000003,0.07911657170007916
0.328125,0.0792532212723843
0.3296875,0.07938778373469488
0.33125000000000004,0.07952026315318712
0.3328125,0.07965066360569996
0.33437500000000003,0.07977898918157053
0.3359375,0.07990524398147032
0.3375,0.08002943211724134
0.33906250000000004,0.08015155771173268
0.340625,0.08027162489863747
0.34218750000000003,0.08038963782233007
0.34375,0.08050560063770346
0.3453125,0.08061951751000736
0.34687500000000004,0.0807313926146863
0.3484375,0.08084123013721832
0.35000000000000003,0.08094903427295369
0.3515625,0.08105480922695454
0.353125,0.08115855921383437
0.35468750000000004,0.08126028845759821
0.35625,0.08136000119148305
0.35781250000000003,0.08145770165779889
0.359375,0.08155339410776989
0.3609375,0.0816470828013762
0.36250000000000004,0.08173877200719608
0.3640625,0.08182846600224854
0.36562500000000003,0.08191616907183637
0.3671875,0.0820018855093896
0.36875,0.08208561961630952
0.37031250000000004,0.08216737570181304
0.371875,0.08224715808277766
0.37343750000000003,0.08232497108358669
0.375,0.08240081903597525
0.3765625,0.08247470627887657
0.37812500000000004,0.08254663715826883
0.3796875,0.08261661602702253
0.38125000000000003,0.08268464724474835
0.3828125,0.08275073517764549
0.384375,0.0828148841983507
0.38593750000000004,0.08287709868578759
0.3875,0.08293738302501671
0.38906250000000003,0.08299574160708596
0.390625,0.0830521788288818
0.3921875,0.08310669909298075
0.39375000000000004,0.08315930680750168
0.3953125,0.08321000638595845
0.39687500000000003,0.08325880224711339
0.3984375,0.08330569881483103
0.4,0.08335070051793268
0.40156250000000004,0.08339381179005152
0.403125,0.08343503706948825
0.40468750000000003,0.0834743807990673
0.40625,0.08351184742599371
0.4078125,0.08354744140171073
0.40937500000000004,0.08358116718175773
0.4109375,0.08361302922562901
0.41250000000000003,0.0836430319966331
0.4140625,0.08367117996175272
0.415625,0.0836974775915053
0.41718750000000004,0.0837219293598043
0.41875,0.08374453974382103
0.42031250000000003,0.08376531322384714
0.421875,0.08378425428315778
0.4234375,0.08380136740787536
0.42500000000000004,0.08381665708683406
0.4265625,0.08383012781144493
0.42812500000000003,0.08384178407556167
0.4296875,0.08385163037534708
0.43125,0.08385967120914013
0.43281250000000004,0.08386591107732382
0.434375,0.08387035448219353
0.43593750000000003,0.08387300592782634
0.4375,0.08387386991995073
0.4390625,0.08387295096581711
0.44062500000000004,0.08387025357406909
0.4421875,0.08386578225461529
0.44375000000000003,0.083859541518502
0.4453125,0.08385153587778646
0.446875,0.08384176984541082
0.44843750000000004,0.08383024793507685
0.45,0.08381697466112137
0.45156250000000003,0.08380195453839234
0.453125,0.08378519208212563
0.4546875,0.08376669180782263
0.45625000000000004,0.08374645823112845
0.4578125,0.08372449586771094
0.45937500000000003,0.0837008092331403
0.4609375,0.08367540284276953
0.4625,0.08364828121161554
0.46406250000000004,0.083619448854241
0.465625,0.08358891028463698
0.46718750000000003,0.08355667001610619
0.46875,0.08352273256114708
0.4703125,0.08348710243133847
0.47187500000000004,0.08344978413722527
0.4734375,0.08341078218820451
0.47500000000000003,0.08337010109241247
0.4765625,0.08332774535661228
0.478125,0.08328371948608243
0.47968750000000004,0.08323802798450594
0.48125,0.08319067535386027
0.48281250000000003,0.083141666094308
0.484375,0.08309100470408821
0.4859375,0.08303869567940873
0.48750000000000004,0.08298474351433888
0.4890625,0.08292915270070322
0.49062500000000003,0.08287192772797591
0.4921875,0.08281307308317581
0.49375,0.08275259325076238
0.49531250000000004,0.0826904927125323
0.496875,0.08262677594751677
0.49843750000000003,0.08256144743187975
0.5,0.08249451163881666
0.5015625,0.08242597303845406
0.503125,0.08235583609775005
0.5046875000000001,0.08228410528039526
0.50625,0.08221078504671477
0.5078125,0.08213587985357064
0.509375,0.08205939415426534
0.5109375,0.08198133239844578
0.5125000000000001,0.08190169903200802
0.5140625,0.08182049849700307
0.515625,0.08173773523154301
0.5171875,0.0816534136697082
0.51875,0.08156753824145493
0.5203125000000001,0.08148011337252416
0.521875,0.08139114348435059
0.5234375,0.08130063299397287
0.525,0.08120858631394436
0.5265625,0.08111500785224454
0.5281250000000001,0.08101990201219134
0.5296875,0.0809232731923541
0.53125,0.08082512578646736
0.5328125,0.08072546418334534
0.534375,0.08062429276679695
0.5359375000000001,0.080521615915542
0.5375,0.08041743800312767
0.5390625,0.08031176339784603
0.540625,0.0802045964626521
0.5421875,0.08009594155508279
0.5437500000000001,0.07998580302717645
0.5453125,0.07987418522539318
0.546875,0.07976109249053587
0.5484375,0.07964652915767202
0.55,0.0795304995560562
0.5515625000000001,0.07941300800905321
0.553125,0.07929405883406217
0.5546875,0.0791736563424409
0.55625,0.07905180483943165
0.5578125,0.07892850862408678
0.5593750000000001,0.07880377198919589
0.5609375,0.07867759922121313
0.5625,0.07854999460018554
0.5640625,0.07842096239968183
0.565625,0.0782905068867221
0.5671875000000001,0.07815863232170814
0.56875,0.07802534295835444
0.5703125,0.07789064304361994
0.571875,0.07775453681764051
0.5734375,0.07761702851366194
0.5750000000000001,0.07747812235797384
0.5765625,0.07733782256984413
0.578125,0.0771961333614542
0.5796875,0.07705305893783486
0.58125,0.07690860349680284
0.5828125000000001,0.07676277122889807
0.584375,0.0766155663173215
0.5859375,0.07646699293787383
0.5875,0.07631705525889472
0.5890625,0.07616575744120276
0.5906250000000001,0.07601310363803601
0.5921875,0.07585909799499344
0.59375,0.07570374464997666
0.5953125,0.07554704773313273
0.596875,0.07538901136679725
0.5984375000000001,0.07522963966543843
0.6000000000000001,0.07506893673560168
0.6015625,0.07490690667585469
0.603125,0.0747435535767335
0.6046875,0.07457888152068884
0.6062500000000001,0.07441289458203337
0.6078125000000001,0.07424559682688957
0.609375,0.07407699231313805
0.6109375,0.07390708509036681
0.6125,0.0737358791998208
0.6140625000000001,0.0735633786743523
0.6156250000000001,0.07338958753837198
0.6171875,0.07321450980780041
0.61875,0.07303814949002037
0.6203125,0.0728605105838296
0.6218750000000001,0.07268159707939431
0.6234375000000001,0.07250141295820318
0.625,0.07231996219302217
0.6265625,0.07213724874784962
0.628125,0.07195327657787233
0.6296875000000001,0.07176804962942186
0.6312500000000001,0.07158157183993182
0.6328125,0.07139384713789534
0.634375,0.07120487944282355
0.6359375,0.0710146726652043
0.6375000000000001,0.07082323070646164
0.6390625000000001,0.07063055745891593
0.640625,0.07043665680574436
0.6421875,0.07024153262094215
0.64375,0.07004518876928438
0.6453125000000001,0.06984762910628822
0.6468750000000001,0.06964885747817594
0.6484375,0.06944887772183828
0.65,0.0692476936647985
0.6515625,0.06904530912517699
0.6531250000000001,0.0688417279116564
0.6546875000000001,0.06863695382344727
0.65625,0.0684309906502544
0.6578125,0.06822384217224356
0.659375,0.06801551216000877
0.6609375000000001,0.06780600437454024
0.6625000000000001,0.06759532256719268
0.6640625,0.06738347047965432
0.665625,0.0671704518439163
0.6671875,0.06695627038224279
0.6687500000000001,0.06674092980714132
0.6703125000000001,0.06652443382133393
0.671875,0.0663067861177287
0.6734375,0.06608799037939177
0.675,0.06586805027951992
0.6765625000000001,0.0656469694814137
0.6781250000000001,0.06542475163845096
0.6796875,0.06520140039406093
0.68125,0.06497691938169883
0.6828125,0.06475131222482094
0.6843750000000001,0.06452458253686014
0.6859375000000001,0.06429673392120194
0.6875,0.06406776997116105
0.6890625,0.06383769426995839
0.690625,0.06360651039069858
0.6921875000000001,0.06337422189634784
0.6937500000000001,0.06314083233971254
0.6953125,0.0629063452634181
0.696875,0.06267076419988822
0.6984375,0.06243409267132485
0.7000000000000001,0.06219633418968843
0.7015625000000001,0.06195749225667856
0.703125,0.06171757036371537
0.7046875,0.06147657199192101
0.70625,0.06123450061210179
0.7078125000000001,0.06099135968473069
0.7093750000000001,0.06074715265993037
0.7109375,0.06050188297745654
0.7125,0.060255554066681837
0.7140625,0.06000816934658002
0.7156250000000001,0.05975973222571074
0.7171875000000001,0.059510246102204595
0.71875,0.05925971436374868
0.7203125,0.05900814038757255
0.721875,0.058755527540434546
0.7234375000000001,0.05850187917860861
0.7250000000000001,0.05824719864787144
0.7265625,0.057991489283490044
0.728125,0.05773475441020981
0.7296875,0.0574769973422428
0.7312500000000001,0.05721822138325653
0.7328125000000001,0.05695842982636317
0.734375,0.05669762595410906
0.7359375,0.05643581303846469
0.7375,0.056172994340814936
0.7390625000000001,0.05590917311194988
0.7406250000000001,0.05564435259205574
0.7421875,0.05537853601070638
0.74375,0.05511172658685512
0.7453125,0.05484392752882692
0.7468750000000001,0.054575142034310895
0.7484375000000001,0.05430537329035321
0.75,0.054034624473350355
0.7515625,0.05376289874904277
0.753125,0.05349019927250871
0.7546875000000001,0.053216529188158695
0.7562500000000001,0.052941891629730044
0.7578125,0.0526662897202819
0.759375,0.052389726572190605
0.7609375,0.05211220528714527
0.7625000000000001,0.05183372895614381
0.7640625000000001,0.051554300659489356
0.765625,0.05127392346678677
0.7671875,0.05099260043693969
0.76875,0.05071033461814788
0.7703125000000001,0.050427129047904716
0.7718750000000001,0.0501429867529952
0.7734375,0.0498579107494942
0.775,0.04957190404276497
0.7765625,0.04928496962745802
0.7781250000000001,0.04899711048751022
0.7796875000000001,0.048708329596144365
0.78125,0.04841862991586881
0.7828125,0.048128014398477595
0.784375,0.04783648598505077
0.7859375000000001,0.04754404760595498
0.7875000000000001,0.04725070218084445
0.7890625,0.046956452618662124
0.790625,0.04666130181764115
0.7921875,0.04636525266530666
0.7937500000000001,0.046068308038477786
0.7953125000000001,0.04577047080326994
0.796875,0.045471743815097415
0.7984375,0.04517212991867621
0.8,0.04487163194802711
0.8015625000000001,0.04457025272647908
0.8031250000000001,0.04426799506667285
0.8046875,0.0439648617705648
0.80625,0.043660855629431096
0.8078125,0.04335597942387208
0.8093750000000001,0.04305023592381684
0.8109375000000001,0.04274362788852813
0.8125,0.042436158066607485
0.8140625,0.04212782919600054
0.815625,0.04181864400400264
0.8171875000000001,0.04150860520726464
0.8187500000000001,0.041197715511798974
0.8203125,0.04088597761298595
0.821875,0.040573394195580245
0.8234375,0.04025996793371765
0.8250000000000001,0.03994570149092201
0.8265625000000001,0.03963059752011243
0.828125,0.03931465866361065
0.8296875,0.03899788755314864
0.83125,0.03868028680987643
0.8328125000000001,0.03836185904437016
0.8343750000000001,0.03804260685664029
0.8359375,0.03772253283614005
0.8375,0.03740163956177404
0.8390625,0.03707992960190715
0.8406250000000001,0.03675740551437355
0.8421875000000001,0.03643406984648594
0.84375,0.03610992513504496
0.8453125,0.03578497390634879
0.846875,0.035459218676203025
0.8484375000000001,0.035132661949930595
0.8500000000000001,0.03480530622238196
0.8515625,0.03447715397794549
0.853125,0.03414820769055795
0.8546875,0.03381846982371528
0.8562500000000001,0.033487942830483404
0.8578125000000001,0.03315662915350931
0.859375,0.03282453122503233
0.8609375,0.03249165146689547
0.8625,0.032157992290556985
0.8640625000000001,0.0318235560971021
0.8656250000000001,0.03148834527725491
0.8671875,0.031152362211390394
0.86875,0.03081560926954666
0.8703125,0.030478088811437258
0.8718750000000001,0.030139803186463688
0.8734375000000001,0.029800754733728077
0.875,0.029460945782045993
0.8765625,0.029120378649959353
0.878125,0.028779055645749563
0.8796875000000001,0.02843697906745073
0.8812500000000001,0.02809415120286306
0.8828125,0.027750574329566357
0.884375,0.02740625071493367
0.8859375,0.02706118261614512
0.8875000000000001,0.026715372280201787
0.8890625000000001,0.026368821943939746
0.890625,0.02602153383404428
0.8921875,0.025673510167064165
0.89375,0.02532475314942611
0.8953125000000001,0.024975264977449292
0.8968750000000001,0.024625047837360043
0.8984375,0.024274103905306637
0.9,0.023922435347374208
0.9015625,0.023570044319599744
0.9031250000000001,0.023216932967987255
0.9046875000000001,0.022863103428522994
0.90625,0.02250855782719084
0.9078125,0.02215329827998776
0.909375,0.021797326892939364
0.9109375000000001,0.02144064576211559
0.9125000000000001,0.02108325697364649
0.9140625,0.020725162603738106
0.915625,0.020366364718688426
0.9171875,0.020006865374903496
0.9187500000000001,0.019646666618913577
0.9203125000000001,0.0192857704873894
0.921875,0.018924179007158547
0.9234375,0.01856189419522187
0.925,0.018198918058770046
0.9265625000000001,0.0178352525952002
0.9281250000000001,0.01747089979213262
0.9296875,0.01710586162742755
0.93125,0.016740140069202054
0.9328125,0.016373737075847
0.9343750000000001,0.01600665459604407
0.9359375000000001,0.015638894568782893
0.9375,0.01527045892337823
0.9390625,0.014901349579487253
0.940625,0.014531568447126855
0.9421875000000001,0.014161117426691095
0.9437500000000001,0.013789998408968659
0.9453125,0.013418213275160412
0.946875,0.013045763896897022
0.9484375,0.012672652136256643
0.9500000000000001,0.01229887984578265
0.9515625000000001,0.011924448868501468
0.953125,0.011549361037940426
0.9546875,0.011173618178145706
0.95625,0.010797222103700318
0.9578125000000001,0.010420174619742156
0.9593750000000001,0.010042477521982094
0.9609375,0.009664132596722148
0.9625,0.00928514162087369
0.9640625,0.008905506361975709
0.9656250000000001,0.008525228578213117
0.9671875000000001,0.008144310018435127
0.96875,0.007762752422173646
0.9703125,0.007380557519661739
0.971875,0.0069977270318521325
0.9734375000000001,0.006614262670435757
0.9750000000000001,0.006230166137860338
0.9765625,0.005845439127349021
0.978125,0.00546008332291905
0.9796875,0.005074100399400468
0.9812500000000001,0.004687492022454869
0.9828125000000001,0.004300259848594178
0.984375,0.003912405525199473
0.9859375,0.0035239306905398347
0.9875,0.003134836973791234
0.9890625000000001,0.0027451259950554497
0.9906250000000001,0.0023547993653790134
0.9921875,0.001963858686772192
0.99375,0.0015723055522279914
0.9953125,0.0011801415457411914
0.9968750000000001,0.0007873682423274027
0.9984375000000001,0.0003939872080421544
1.0,0.0
