k,direct_Frobenius_error,singular_value_tail,relative_error,stored_scalars,scalar_compression_ratio
1,47.65288205887935,47.65288205887935,0.2850969272444551,512,127.5
2,37.196599225694946,37.19659922569495,0.22253923970613448,1024,63.75
3,31.61088691685323,31.610886916853232,0.18912112632204436,1536,42.5
4,28.555946466195113,28.55594646619512,0.1708440757478256,2048,31.875
5,25.771673159335847,25.771673159335847,0.15418636838369304,2560,25.5
6,23.74888478156833,23.748884781568325,0.14208446129956825,3072,21.25
7,21.954382260643225,21.95438226064322,0.13134833931609535,3584,18.214285714285715
8,20.191135370912654,20.19113537091265,0.12079921304049249,4096,15.9375
9,18.725793469913935,18.72579346991393,0.11203238813321618,4608,14.166666666666666
10,17.40458109386468,17.404581093864678,0.10412785912312245,5120,12.75
11,16.310870319082078,16.310870319082074,0.09758442318152714,5632,11.590909090909092
12,15.245013831824677,15.245013831824672,0.09120763344139785,6144,10.625
13,14.346577885814973,14.346577885814972,0.0858324847312559,6656,9.807692307692308
14,13.692284465409095,13.692284465409093,0.0819179881548789,7168,9.107142857142858
15,13.109211321246756,13.109211321246754,0.07842958714790409,7680,8.5
16,12.566740818248707,12.566740818248705,0.07518410299577231,8192,7.96875
17,12.048724773629935,12.048724773629932,0.07208492459976973,8704,7.5
18,11.629218984224343,11.629218984224343,0.06957511183811939,9216,7.083333333333333
19,11.242464498721876,11.242464498721876,0.06726124307193386,9728,6.7105263157894735
20,10.855130080072602,10.855130080072602,0.06494390469066907,10240,6.375
21,10.516826759673794,10.516826759673794,0.06291990880720656,10752,6.071428571428571
22,10.19273627580225,10.19273627580225,0.0609809452627397,11264,5.795454545454546
23,9.87284179974729,9.87284179974729,0.05906708552907118,11776,5.543478260869565
24,9.580825433365344,9.580825433365344,0.05732001451964688,12288,5.3125
25,9.309966430769169,9.309966430769169,0.05569952345970943,12800,5.1
26,9.038644123321045,9.038644123321045,0.05407626054665501,13312,4.903846153846154
27,8.79188265077909,8.79188265077909,0.052599939817572904,13824,4.722222222222222
28,8.544985340749601,8.544985340749601,0.051122806402067074,14336,4.553571428571429
29,8.311748765978209,8.311748765978209,0.049727402222605584,14848,4.396551724137931
30,8.080485567059794,8.080485567059794,0.04834380432573761,15360,4.25
31,7.866951909780859,7.866951909780859,0.04706627845692919,15872,4.112903225806452
32,7.664280333578157,7.664280333578156,0.045853738079123976,16384,3.984375
33,7.462263956080585,7.462263956080585,0.04464511761401861,16896,3.8636363636363638
34,7.271100842421665,7.271100842421665,0.043501429888283566,17408,3.75
35,7.084444265712445,7.0844442657124445,0.04238470380225134,17920,3.642857142857143
36,6.900986436342086,6.900986436342086,0.04128711513242436,18432,3.5416666666666665
37,6.7304596994326085,6.7304596994326085,0.040266890402976825,18944,3.445945945945946
38,6.5623963202348055,6.562396320234806,0.039261403412023985,19456,3.3552631578947367
39,6.394832873743359,6.394832873743359,0.03825890741075011,19968,3.269230769230769
40,6.249515534937514,6.249515534937514,0.0373895050791619,20480,3.1875
41,6.103170427452561,6.103170427452561,0.03651395382898425,20992,3.1097560975609757
42,5.961598246503722,5.961598246503722,0.035666957970015234,21504,3.0357142857142856
43,5.824514070025857,5.824514070025857,0.034846812874921376,22016,2.9651162790697674
44,5.692298741096638,5.692298741096638,0.03405579704578935,22528,2.897727272727273
45,5.565916944998153,5.565916944998153,0.0332996819868346,23040,2.8333333333333335
46,5.442439056139786,5.442439056139786,0.032560940379293295,23552,2.7717391304347827
47,5.319762890971161,5.319762890971162,0.03182699531186811,24064,2.7127659574468086
48,5.206217457082884,5.206217457082885,0.03114767744261126,24576,2.65625
49,5.091507817004884,5.091507817004884,0.03046139437853242,25088,2.6020408163265305
50,4.976261150719544,4.9762611507195444,0.029771898402349475,25600,2.55
51,4.866918203096292,4.866918203096293,0.0291177231030523,26112,2.5
52,4.761104269783075,4.761104269783076,0.028484661136097742,26624,2.451923076923077
53,4.658003147073039,4.65800314707304,0.027867829330546795,27136,2.4056603773584904
54,4.554370418884252,4.554370418884253,0.02724781704394308,27648,2.361111111111111
55,4.459013174086698,4.459013174086698,0.02667731519163771,28160,2.3181818181818183
56,4.365045337875239,4.365045337875239,0.026115125871575266,28672,2.2767857142857144
57,4.273199424984368,4.2731994249843686,0.025565631561602672,29184,2.236842105263158
58,4.185867731488053,4.185867731488053,0.02504314485374542,29696,2.1982758620689653
59,4.100538269306603,4.100538269306603,0.02453263706449366,30208,2.1610169491525424
60,4.016286059380689,4.01628605938069,0.02402857424340859,30720,2.125
61,3.931149652227159,3.9311496522271585,0.023519221460798004,31232,2.0901639344262297
62,3.8534070093052106,3.8534070093052106,0.02305410397670702,31744,2.056451612903226
63,3.777530463344422,3.777530463344422,0.02260015094871146,32256,2.0238095238095237
64,3.702762518176257,3.7027625181762565,0.022152830440426402,32768,1.9921875
65,3.6284891800999435,3.6284891800999435,0.02170846905981606,33280,1.9615384615384615
66,3.557265907974061,3.557265907974061,0.021282355566695214,33792,1.9318181818181819
67,3.4880204974234985,3.488020497423499,0.020868075193278268,34304,1.9029850746268657
68,3.4223161762448844,3.4223161762448844,0.020474980394697976,34816,1.875
69,3.356328025879681,3.356328025879681,0.02008018750724115,35328,1.8478260869565217
70,3.2915827365654553,3.2915827365654553,0.019692830389696155,35840,1.8214285714285714
71,3.22695180517222,3.22695180517222,0.019306157450955715,36352,1.795774647887324
72,3.1652924747145383,3.1652924747145383,0.018937262960424896,36864,1.7708333333333333
73,3.1026187294680896,3.10261872946809,0.01856229944475366,37376,1.7465753424657535
74,3.0389292928046405,3.038929292804641,0.01818125926615031,37888,1.722972972972973
75,2.9795461212985144,2.9795461212985144,0.01782598254426162,38400,1.7
76,2.9221394656072364,2.922139465607237,0.01748253089068185,38912,1.6776315789473684
77,2.866736190773103,2.8667361907731035,0.017151065033171386,39424,1.655844155844156
78,2.8128738087666694,2.8128738087666703,0.01682881800548631,39936,1.6346153846153846
79,2.7600458128883285,2.7600458128883294,0.016512759487162312,40448,1.6139240506329113
80,2.7065601143976386,2.7065601143976394,0.016192766075800998,40960,1.59375
81,2.6538537474650625,2.653853747465063,0.015877435237256342,41472,1.5740740740740742
82,2.6030238165208495,2.60302381652085,0.015573330710979471,41984,1.5548780487804879
83,2.553138424142151,2.5531384241421518,0.01527487715545311,42496,1.536144578313253
84,2.5049267453986515,2.5049267453986523,0.014986437068029115,43008,1.5178571428571428
85,2.458573258949719,2.458573258949719,0.014709114144783264,43520,1.5
86,2.413285028493207,2.413285028493208,0.014438164418646303,44032,1.4825581395348837
87,2.3681809478667506,2.368180947866751,0.014168316421270186,44544,1.4655172413793103
88,2.3227634619564674,2.3227634619564683,0.0138965933875995,45056,1.4488636363636365
89,2.2787003637372925,2.278700363737293,0.013632973363701771,45568,1.4325842696629214
90,2.235947744920336,2.2359477449203364,0.01337719365574397,46080,1.4166666666666667
91,2.193304359437511,2.1933043594375117,0.013122067467291557,46592,1.401098901098901
92,2.1512616444368553,2.1512616444368557,0.012870534960928328,47104,1.3858695652173914
93,2.1101102546806807,2.1101102546806816,0.012624335061479891,47616,1.3709677419354838
94,2.0694654138398767,2.0694654138398776,0.01238116573506359,48128,1.3563829787234043
95,2.029132197614219,2.0291321976142194,0.01213986079158476,48640,1.3421052631578947
96,1.9894280595672196,1.9894280595672198,0.011902319487323185,49152,1.328125
97,1.9515272045239898,1.9515272045239904,0.011675566836782315,49664,1.3144329896907216
98,1.914707874859125,1.9147078748591255,0.011455284719581441,50176,1.3010204081632653
99,1.8794437085851772,1.8794437085851778,0.0112443068099113,50688,1.2878787878787878
100,1.8444888310632161,1.8444888310632166,0.011035179308212578,51200,1.275
101,1.8096802445575901,1.8096802445575906,0.010826927034148335,51712,1.2623762376237624
102,1.7755278433418775,1.7755278433418784,0.010622600575308156,52224,1.25
103,1.7430949159681075,1.7430949159681082,0.010428561358028927,52736,1.2378640776699028
104,1.710387464214353,1.7103874642143533,0.010232879720526498,53248,1.2259615384615385
105,1.6783579283481322,1.6783579283481325,0.010041253907732157,53760,1.2142857142857142
106,1.6459262587162504,1.6459262587162509,0.009847222215251682,54272,1.2028301886792452
107,1.615287736738125,1.6152877367381255,0.009663918538876297,54784,1.191588785046729
108,1.5848161092047817,1.5848161092047819,0.009481613356009083,55296,1.1805555555555556
109,1.554651312785532,1.5546513127855324,0.009301143877595234,55808,1.1697247706422018
110,1.5239973443281485,1.5239973443281494,0.009117747788262165,56320,1.1590909090909092
111,1.4935207078784332,1.4935207078784336,0.008935412638127395,56832,1.1486486486486487
112,1.463923414176348,1.4639234141763486,0.008758338406210212,57344,1.1383928571428572
113,1.4352511144324485,1.435251114432449,0.008586798213868487,57856,1.1283185840707965
114,1.4071992843287973,1.4071992843287982,0.008418970157713292,58368,1.118421052631579
115,1.379623486596989,1.3796234865969899,0.008253990100684649,58880,1.108695652173913
116,1.3530158173632112,1.3530158173632119,0.00809480214789065,59392,1.0991379310344827
117,1.3262924155267215,1.3262924155267224,0.007934921791867515,59904,1.0897435897435896
118,1.3008336210624458,1.3008336210624467,0.007782607309311246,60416,1.0805084745762712
119,1.2757207916596187,1.2757207916596198,0.007632362661184531,60928,1.0714285714285714
120,1.2511535615870557,1.2511535615870568,0.00748538221630942,61440,1.0625
121,1.227349707579026,1.2273497075790272,0.007342968885970246,61952,1.0537190082644627
122,1.2032865989557997,1.2032865989558008,0.007199004491120951,62464,1.0450819672131149
123,1.1793923908685735,1.1793923908685748,0.007056050591791404,62976,1.0365853658536586
124,1.1560478246738564,1.1560478246738575,0.0069163850814924635,63488,1.028225806451613
125,1.133201389133475,1.1332013891334758,0.006779699779583477,64000,1.02
126,1.1104638676679386,1.1104638676679397,0.00664366608712035,64512,1.0119047619047619
127,1.0879420602511571,1.0879420602511582,0.006508922965338499,65024,1.0039370078740157
128,1.0659700962045884,1.0659700962045897,0.006377469437984949,65536,0.99609375
129,1.04420828810389,1.0442082881038914,0.006247273228380528,66048,0.9883720930232558
130,1.0223927801982968,1.0223927801982982,0.006116755744412256,66560,0.9807692307692307
131,1.0015884754309436,1.001588475430945,0.005992288070971204,67072,0.9732824427480916
132,0.9807631769764734,0.9807631769764746,0.005867694796822913,67584,0.9659090909090909
133,0.9603360591768749,0.9603360591768761,0.005745483751750542,68096,0.9586466165413534
134,0.940100512797616,0.9401005127976173,0.005624418837214814,68608,0.9514925373134329
135,0.9206448478713817,0.920644847871383,0.0055080197853985225,69120,0.9444444444444444
136,0.9014539947244642,0.9014539947244654,0.005393205045408074,69632,0.9375
137,0.8829857646251622,0.8829857646251633,0.005282713603432982,70144,0.9306569343065694
138,0.8650440263236581,0.8650440263236591,0.0051753720484591864,70656,0.9239130434782609
139,0.8468485712038712,0.8468485712038725,0.00506651256042117,71168,0.9172661870503597
140,0.8299359028102785,0.8299359028102795,0.004965327709008405,71680,0.9107142857142857
141,0.8130222621952549,0.8130222621952561,0.0048641370410042704,72192,0.9042553191489362
142,0.7961427010884028,0.7961427010884039,0.004763150263355596,72704,0.897887323943662
143,0.779187756352204,0.7791877563522053,0.004661712481692837,73216,0.8916083916083916
144,0.7627230928138813,0.7627230928138824,0.004563207946813084,73728,0.8854166666666666
145,0.7461366222678592,0.7461366222678604,0.004463974666847797,74240,0.8793103448275862
146,0.7303812466401678,0.7303812466401689,0.004369713648731685,74752,0.8732876712328768
147,0.7147974273080302,0.7147974273080313,0.004276479014972586,75264,0.8673469387755102
148,0.699436696698824,0.699436696698825,0.0041845790729815955,75776,0.8614864864864865
149,0.6841890841909349,0.6841890841909359,0.004093355892221151,76288,0.8557046979865772
150,0.669557474075578,0.6695574740755792,0.004005818121066554,76800,0.85
151,0.6548894227952256,0.6548894227952266,0.003918062330272504,77312,0.8443708609271523
152,0.6408065205389706,0.6408065205389716,0.0038338073600278624,77824,0.8388157894736842
153,0.6264878088492092,0.62648780884921,0.003748141592744232,78336,0.8333333333333334
154,0.6126375698745777,0.6126375698745784,0.003665278596789656,78848,0.827922077922078
155,0.598705649332121,0.5987056493321217,0.0035819269176118754,79360,0.8225806451612904
156,0.5853757460379759,0.5853757460379767,0.003502176977934966,79872,0.8173076923076923
157,0.5722990583793738,0.5722990583793746,0.003423941972853919,80384,0.8121019108280255
158,0.5589909022227679,0.5589909022227687,0.0033443221416158057,80896,0.8069620253164557
159,0.5461185061980832,0.5461185061980839,0.003267309369368853,81408,0.8018867924528302
160,0.5337291536026184,0.5337291536026193,0.0031931865418943087,81920,0.796875
161,0.5213318190342351,0.5213318190342359,0.003119015959995392,82432,0.7919254658385093
162,0.5094792172552027,0.5094792172552035,0.0030481043970204797,82944,0.7870370370370371
163,0.4977369437084725,0.4977369437084731,0.002977852904090833,83456,0.7822085889570553
164,0.48630504560525134,0.4863050456052519,0.002909458320573869,83968,0.7774390243902439
165,0.47476527299745486,0.47476527299745536,0.0028404183471360087,84480,0.7727272727272727
166,0.4634516882198146,0.4634516882198152,0.002772731606757126,84992,0.7680722891566265
167,0.45197732189478745,0.451977321894788,0.0027040829450182516,85504,0.7634730538922155
168,0.4410024131299612,0.4410024131299617,0.0026384224302612607,86016,0.7589285714285714
169,0.43016254792591413,0.43016254792591474,0.0025735698520352587,86528,0.7544378698224852
170,0.41951050800705186,0.4195105080070525,0.0025098409920263176,87040,0.75
171,0.4089787885481184,0.40897878854811903,0.0024468319834078543,87552,0.7456140350877193
172,0.39851118997628676,0.39851118997628737,0.0023842065962430166,88064,0.7412790697674418
173,0.3885207190619624,0.3885207190619632,0.0023244357610628964,88576,0.7369942196531792
174,0.3784724313366043,0.37847243133660535,0.0022643190203581447,89088,0.7327586206896551
175,0.3686460060927668,0.3686460060927677,0.0022055296350833166,89600,0.7285714285714285
176,0.35911817986366706,0.35911817986366784,0.0021485267033848903,90112,0.7244318181818182
177,0.34976589536355407,0.3497658953635549,0.0020925740000331036,90624,0.7203389830508474
178,0.34057903876767404,0.34057903876767487,0.002037611016193329,91136,0.7162921348314607
179,0.3316262380436287,0.33162623804362945,0.0019840483382108404,91648,0.7122905027932961
180,0.3228255766589129,0.3228255766589138,0.001931395877119374,92160,0.7083333333333334
181,0.31443988842346476,0.3144398884234657,0.0018812261109801029,92672,0.7044198895027625
182,0.306034384960859,0.30603438496086,0.0018309377946056475,93184,0.7005494505494505
183,0.2981431963612989,0.2981431963612998,0.0017837265132552079,93696,0.6967213114754098
184,0.29023221437392926,0.2902322143739301,0.001736396812329699,94208,0.6929347826086957
185,0.2823681446625021,0.282368144662503,0.0016893477774445925,94720,0.6891891891891891
186,0.2746844044762985,0.2746844044762993,0.0016433776152595502,95232,0.6854838709677419
187,0.267274753511767,0.2672747535117677,0.001599047269839273,95744,0.6818181818181818
188,0.25992646598112673,0.2599264659811275,0.0015550840486241164,96256,0.6781914893617021
189,0.2528371566876355,0.25283715668763623,0.0015126702384087635,96768,0.6746031746031746
190,0.24579183358937998,0.2457918335893808,0.0014705195881233256,97280,0.6710526315789473
191,0.23872091171885376,0.2387209117188546,0.001428215785898272,97792,0.6675392670157068
192,0.23184764007600323,0.23184764007600395,0.0013870944824045622,98304,0.6640625
193,0.22507347976503106,0.2250734797650317,0.0013465661406573994,98816,0.6606217616580311
194,0.21822760683629236,0.21822760683629305,0.00130560875776757,99328,0.6572164948453608
195,0.21131024053598163,0.2113102405359825,0.0012642236454378226,99840,0.6538461538461539
196,0.20503648883785053,0.20503648883785167,0.001226689140615599,100352,0.6505102040816326
197,0.19875527719899444,0.19875527719899552,0.0011891100045751525,100864,0.6472081218274112
198,0.19245603427150862,0.1924560342715097,0.0011514229912194106,101376,0.6439393939393939
199,0.18614676080777115,0.1861467608077724,0.0011136759673262072,101888,0.6407035175879398
200,0.1798173061353956,0.17981730613539698,0.0010758082036094669,102400,0.6375
201,0.1734963171626567,0.17349631716265795,0.0010379910883498422,102912,0.6343283582089553
202,0.16756953427895716,0.16756953427895835,0.0010025324231950255,103424,0.6311881188118812
203,0.16178088041356312,0.16178088041356445,0.0009679001541988617,103936,0.6280788177339901
204,0.15627432699001662,0.15627432699001775,0.0009349556313718732,104448,0.625
205,0.1508127710367206,0.1508127710367216,0.0009022803187153491,104960,0.6219512195121951
206,0.14540074383719181,0.1454007438371927,0.0008699013259223714,105472,0.6189320388349514
207,0.14010967542646424,0.14010967542646474,0.0008382460035039961,105984,0.6159420289855072
208,0.13479117460149379,0.13479117460149437,0.0008064265588611166,106496,0.6129807692307693
209,0.1296207291238313,0.12962072912383207,0.0007754928974648298,107008,0.6100478468899522
210,0.12457651153993247,0.12457651153993307,0.0007453144303629846,107520,0.6071428571428571
211,0.11944690712772311,0.11944690712772355,0.0007146251122626959,108032,0.6042654028436019
212,0.1142415933804886,0.11424159338048928,0.0006834828415214164,108544,0.6014150943396226
213,0.10949251153737936,0.10949251153737999,0.0006550701079740529,109056,0.5985915492957746
214,0.1048743268305647,0.10487432683056494,0.0006274405037932736,109568,0.5957943925233645
215,0.10021184230293302,0.10021184230293334,0.0005995458633282921,110080,0.5930232558139535
216,0.09591501285356044,0.09591501285356088,0.0005738388584215166,110592,0.5902777777777778
217,0.09173224537869468,0.09173224537869536,0.0005488142617352375,111104,0.5875576036866359
218,0.0876832476399937,0.08768324763999426,0.0005245899805617068,111616,0.5848623853211009
219,0.08370818562396898,0.08370818562396966,0.0005008080408885821,112128,0.5821917808219178
220,0.07972456580739339,0.07972456580739413,0.0004769749017384139,112640,0.5795454545454546
221,0.0755972362034548,0.07559723620345561,0.00045228197789061686,113152,0.5769230769230769
222,0.0718173505467037,0.07181735054670456,0.00042966773632714504,113664,0.5743243243243243
223,0.06804838209206611,0.06804838209206672,0.0004071188100319675,114176,0.5717488789237668
224,0.06442700821973532,0.06442700821973572,0.0003854529103256457,114688,0.5691964285714286
225,0.06090857985509248,0.06090857985509276,0.00036440291141372265,115200,0.5666666666666667
226,0.057401213220562526,0.05740121322056281,0.00034341909244997766,115712,0.5641592920353983
227,0.0544932833436833,0.05449328334368389,0.00032602157446740823,116224,0.5616740088105727
228,0.05169813306829006,0.05169813306829076,0.0003092987925438201,116736,0.5592105263157895
229,0.04881849706532007,0.04881849706532091,0.0002920705507133499,117248,0.5567685589519651
230,0.04603380559717348,0.04603380559717422,0.000275410341580322,117760,0.5543478260869565
231,0.04318856332844546,0.043188563328446145,0.00025838787005219636,118272,0.551948051948052
232,0.04061229060845394,0.04061229060845466,0.00024297458538862087,118784,0.5495689655172413
233,0.038080542314399383,0.03808054231440039,0.00022782768077329234,119296,0.5472103004291845
234,0.03557934627929659,0.03557934627929754,0.0002128635637412366,119808,0.5448717948717948
235,0.03305175151061651,0.03305175151061729,0.00019774150877340752,120320,0.5425531914893617
236,0.030663847712400317,0.03066384771240078,0.00018345519478749515,120832,0.5402542372881356
237,0.028112337951659114,0.028112337951659603,0.0001681900615742983,121344,0.5379746835443038
238,0.025718471315910704,0.025718471315910943,0.0001538680732160365,121856,0.5357142857142857
239,0.023330479183132025,0.023330479183132868,0.00013958123074346717,122368,0.5334728033472803
240,0.020883334178489435,0.020883334178489928,0.00012494048938215384,122880,0.53125
241,0.018311168805623043,0.018311168805622984,0.00010955177809156036,123392,0.529045643153527
242,0.01634564565959859,0.01634564565959838,9.779247655200088e-05,123904,0.5268595041322314
243,0.014304756400814987,0.014304756400814468,8.558227579632592e-05,124416,0.5246913580246914
244,0.012469815925272937,0.01246981592527283,7.460422224214346e-05,124928,0.5225409836065574
245,0.010619927617917215,0.010619927617917463,6.353673903051072e-05,125440,0.5204081632653061
246,0.00924528283780982,0.009245282837810039,5.53125354581641e-05,125952,0.5182926829268293
247,0.00779510733993517,0.007795107339935745,4.663644787340022e-05,126464,0.5161943319838057
248,0.006531925562990172,0.006531925562990593,3.907910343590663e-05,126976,0.5141129032258065
249,0.005136493644805616,0.00513649364480589,3.0730534894728064e-05,127488,0.5120481927710844
250,0.004056906806457895,0.00405690680645807,2.4271599422027932e-05,128000,0.51
251,0.0028306174630106772,0.0028306174630105267,1.6934974466218408e-05,128512,0.5079681274900398
252,0.0016360709292609352,0.0016360709292608014,9.78825990230657e-06,129024,0.5059523809523809
253,0.0009208776985434197,0.0009208776985438045,5.509412880805067e-06,129536,0.5039525691699605
254,0.0001991019112120767,0.00019910191121293147,1.1911838411982145e-06,130048,0.5019685039370079
255,2.1096104221641794e-13,0.0,1.2621344671215241e-15,130560,0.5
